label_id,video_key,video_id,query,query_type,expected_start_seconds,expected_end_seconds,relevance_window_seconds,expected_text,notes,result_count,hit_at_1,hit_at_5,precision_at_5,reciprocal_rank,first_relevant_rank,timestamp_error_seconds,top_result_start,top_result_end,top_result_score,top_result_text,first_relevant_start,first_relevant_end,first_relevant_score,first_relevant_text,request_latency_seconds,api_search_latency_seconds,api_query_embedding_seconds,api_qdrant_search_seconds,failure_category,failure_reason
lecture01-001,lecture01_peak_finding,cab675d5-8d03-4c20-9223-f08d149c2338,the lecturer explains syllabus problem set and quiz schedule,paraphrase,60.0,120.0,30.0,syllabus; problem set schedule; quiz schedule,source transcript window 060-120; manually curated from source transcript,5,1,1,0.6,1.0,1,3.24,63.24,67.32,0.64444345,"about what this class is about from a standpoint of syllabus,",63.24,67.32,0.64444345,"about what this class is about from a standpoint of syllabus,",0.5179,0.08,0.023,0.0558,,
lecture01-002,lecture01_peak_finding,cab675d5-8d03-4c20-9223-f08d149c2338,algorithms are analyzed by asymptotic complexity and input size,paraphrase,120.0,180.0,30.0,asymptotic complexity; compare algorithms,source transcript window 120-180; manually curated from source transcript,5,1,1,0.6,1.0,1,2.64,122.64,128.64,0.7168141,depending on input size based on how efficient these algorithms are.,122.64,128.64,0.7168141,depending on input size based on how efficient these algorithms are.,0.4513,0.0706,0.0251,0.0445,,
lecture01-003,lecture01_peak_finding,cab675d5-8d03-4c20-9223-f08d149c2338,large inputs include US highways human genome and Facebook network,paraphrase,180.0,240.0,30.0,US highway system; human genome; Facebook,source transcript window 180-240; manually curated from source transcript,5,1,1,0.6,1.0,1,12.32,192.32,195.88,0.66066396,"in the United States, the human genome,",192.32,195.88,0.66066396,"in the United States, the human genome,",0.5077,0.0632,0.0165,0.0456,,
lecture01-004,lecture01_peak_finding,cab675d5-8d03-4c20-9223-f08d149c2338,cubic complexity becomes impossible on a billion elements,paraphrase,240.0,300.0,30.0,billion elements; cubic complexity; 10 raised to 27,source transcript window 240-300; manually curated from source transcript,5,1,1,0.4,1.0,1,13.52,253.52,257.72,0.6856144,"But if you had an algorithm that required cubic complexity,",253.52,257.72,0.6856144,"But if you had an algorithm that required cubic complexity,",0.2228,0.0598,0.0109,0.0479,,
lecture01-005,lecture01_peak_finding,cab675d5-8d03-4c20-9223-f08d149c2338,balanced binary search trees and Python data structures are covered,paraphrase,360.0,420.0,30.0,Python; balanced binary search trees; data structures,source transcript window 360-420; manually curated from source transcript,5,1,1,0.8,1.0,1,11.4,371.4,373.12,0.792462,binary search trees.,371.4,373.12,0.792462,binary search trees.,0.3128,0.067,0.02,0.0459,,
lecture01-006,lecture01_peak_finding,cab675d5-8d03-4c20-9223-f08d149c2338,problem sets have both theory and programming parts in Python,paraphrase,420.0,480.0,30.0,real implementations; theory part; programming part,source transcript window 420-480; manually curated from source transcript,5,1,1,0.4,1.0,1,28.2,448.2,452.68,0.61376214,"And in particular, each of the problem sets",448.2,452.68,0.61376214,"And in particular, each of the problem sets",0.2968,0.0545,0.0067,0.0467,,
lecture01-007,lecture01_peak_finding,cab675d5-8d03-4c20-9223-f08d149c2338,problem sets should be challenging worthwhile and fun,paraphrase,480.0,540.0,30.0,problem sets; challenging; worthwhile,source transcript window 480-540; manually curated from source transcript,5,1,1,0.6,1.0,1,11.64,491.64,495.4,0.7493682,And we hope that these problem sets are going to be fun for you.,491.64,495.4,0.7493682,And we hope that these problem sets are going to be fun for you.,0.2875,0.0621,0.0178,0.0433,,
lecture01-008,lecture01_peak_finding,cab675d5-8d03-4c20-9223-f08d149c2338,peak finding problem set includes buggy algorithms to analyze,paraphrase,540.0,600.0,30.0,peak finding; bugs; analyze complexity,source transcript window 540-600; manually curated from source transcript,5,0,1,0.6,0.3333,3,0.88,100.84,106.6,0.69067115,"to solve the peak finding problem, both varieties of it.",540.88,542.76,0.6204334,"as I mentioned, of peak finding.",0.275,0.0682,0.0225,0.0447,low_rank,"A relevant segment was retrieved, but not at rank 1."
lecture01-009,lecture01_peak_finding,cab675d5-8d03-4c20-9223-f08d149c2338,RSA and HTTPS use prime numbers thousands of bits long,paraphrase,720.0,780.0,30.0,HTTPS; RSA; prime numbers; thousands of bits,source transcript window 720-780; manually curated from source transcript,5,1,1,1.0,1.0,1,15.32,735.32,738.52,0.7039943,that are thousands of bits long in RSA.,735.32,738.52,0.7039943,that are thousands of bits long in RSA.,0.2732,0.0659,0.0194,0.0456,,
lecture01-010,lecture01_peak_finding,cab675d5-8d03-4c20-9223-f08d149c2338,dynamic programming can be used for image compression,paraphrase,840.0,900.0,30.0,dynamic programming; image compression,source transcript window 840-900; manually curated from source transcript,5,1,1,0.6,1.0,1,12.48,827.52,833.92,0.61687905,Dynamic programming is an important algorithm,827.52,833.92,0.61687905,Dynamic programming is an important algorithm,0.3321,0.0655,0.0189,0.0454,,
lecture02-001,lecture02_models_distance,d142ffc4-f27c-4676-a73c-5220996cad70,the lecture asks what running time means and where algorithm comes from,concept,60.0,120.0,30.0,running time; word algorithm; history,source transcript window 060-120; manually curated from source transcript,5,1,1,0.2,1.0,1,4.92,64.92,66.36,0.7903056,Who what is the running time of an algorithm?,64.92,66.36,0.7903056,Who what is the running time of an algorithm?,0.2252,0.0531,0.0072,0.0447,,
lecture02-002,lecture02_models_distance,d142ffc4-f27c-4676-a73c-5220996cad70,the word algorithm is connected to algebra and historical roots,paraphrase,120.0,180.0,30.0,algebra; algorithm; roots,source transcript window 120-180; manually curated from source transcript,5,1,1,0.4,1.0,1,4.72,124.72,126.68,0.80757314,and also where the word algorithm comes from.,124.72,126.68,0.80757314,and also where the word algorithm comes from.,0.2396,0.06,0.0148,0.0441,,
lecture02-003,lecture02_models_distance,d142ffc4-f27c-4676-a73c-5220996cad70,an algorithm has input and output to solve a problem,paraphrase,180.0,240.0,30.0,input; output; solve some problem,source transcript window 180-240; manually curated from source transcript,5,0,1,0.2,0.25,4,36.72,147.88,148.76,0.67946506,what an algorithm is.,216.72,219.92,0.6258814,"OK, so that's an algorithm that you take some input.",0.2791,0.0653,0.0171,0.0471,low_rank,"A relevant segment was retrieved, but not at rank 1."
lecture02-004,lecture02_models_distance,d142ffc4-f27c-4676-a73c-5220996cad70,an algorithm is a mathematical analog of a computer program,near_exact,240.0,300.0,30.0,mathematical analog of a computer program,source transcript window 240-300; manually curated from source transcript,5,1,1,0.4,1.0,1,10.4,250.4,259.4,0.93737376,So an algorithm is a mathematical analog of a computer,250.4,259.4,0.93737376,So an algorithm is a mathematical analog of a computer,0.3063,0.0835,0.037,0.0454,,
lecture02-005,lecture02_models_distance,d142ffc4-f27c-4676-a73c-5220996cad70,pseudocode is an abstract formal specification,paraphrase,300.0,360.0,30.0,pseudocode; formal specification,source transcript window 300-360; manually curated from source transcript,5,0,1,0.6,0.5,2,8.0,152.92,155.32,0.60743153,"So when we write Python code, when we write pseudocode,",308.0,310.36,0.54968697,formal specification without necessarily,0.2557,0.0649,0.0186,0.0453,low_rank,"A relevant segment was retrieved, but not at rank 1."
lecture02-006,lecture02_models_distance,d142ffc4-f27c-4676-a73c-5220996cad70,model of computation specifies operations and their time cost,paraphrase,360.0,420.0,30.0,operations; how much they cost; time,source transcript window 360-420; manually curated from source transcript,5,0,1,0.6,0.3333,3,2.56,144.0,147.88,0.695155,of a model of computation is to formally specify,357.44,368.88,0.68972695,"So model of computation, specify.",0.3561,0.0716,0.0229,0.0477,low_rank,"A relevant segment was retrieved, but not at rank 1."
lecture02-007,lecture02_models_distance,d142ffc4-f27c-4676-a73c-5220996cad70,the lecture compares two models of computation or programming styles,concept,420.0,480.0,30.0,two models of computation; styles of programming,source transcript window 420-480; manually curated from source transcript,5,1,1,0.6,1.0,1,22.6,442.6,445.28,0.6864089,Styles of programming.,442.6,445.28,0.6864089,Styles of programming.,0.3407,0.0549,0.0074,0.0464,,
lecture02-008,lecture02_models_distance,d142ffc4-f27c-4676-a73c-5220996cad70,RAM stands for random access machine and random access memory,paraphrase,480.0,540.0,30.0,RAM; random access memory; random access machine,source transcript window 480-540; manually curated from source transcript,5,1,1,0.8,1.0,1,7.52,487.52,490.48,0.78296983,Can someone tell me what else RAM stands for?,487.52,490.48,0.78296983,Can someone tell me what else RAM stands for?,0.2711,0.0637,0.0166,0.046,,
lecture02-009,lecture02_models_distance,d142ffc4-f27c-4676-a73c-5220996cad70,random access memory acts like a giant array with constant time access,paraphrase,540.0,600.0,30.0,giant array; access anything; constant time,source transcript window 540-600; manually curated from source transcript,5,0,1,0.4,0.5,2,2.48,491.76,493.2,0.80984443,Random access memory.,537.52,540.52,0.7237612,Here it's a random access memory.,0.2156,0.0534,0.0069,0.0451,low_rank,"A relevant segment was retrieved, but not at rank 1."
lecture02-010,lecture02_models_distance,d142ffc4-f27c-4676-a73c-5220996cad70,the pointer machine model uses dynamically allocated objects and fields,paraphrase,840.0,900.0,30.0,pointer machine; dynamically allocated objects; fields,source transcript window 840-900; manually curated from source transcript,5,1,1,0.6,1.0,1,10.04,850.04,852.76,0.7068399,So we have dynamically allocated objects.,850.04,852.76,0.7068399,So we have dynamically allocated objects.,0.3119,0.0642,0.0135,0.0496,,
lecture03-001,lecture03_sorting,a7e7823b-9b71-4b7a-9db9-49729b7fae94,sorting lecture covers insertion sort merge sort and recurrences,concept,0.0,60.0,30.0,sorting; insertion sort; merge sort; recurrences,source transcript window 000-060; manually curated from source transcript,5,1,1,0.4,1.0,1,43.56,43.56,45.44,0.65367925,that's called insertion sort.,43.56,45.44,0.65367925,that's called insertion sort.,0.2332,0.0517,0.0059,0.0448,,
lecture03-002,lecture03_sorting,a7e7823b-9b71-4b7a-9db9-49729b7fae94,merge sort motivates divide and conquer recurrences,paraphrase,60.0,120.0,30.0,recurrences; divide and conquer; merge sort,source transcript window 060-120; manually curated from source transcript,5,1,1,0.6,1.0,1,0.24,59.76,62.76,0.58577704,which is a divide and conquer algorithm.,59.76,62.76,0.58577704,which is a divide and conquer algorithm.,0.2492,0.0644,0.0169,0.0464,,
lecture03-003,lecture03_sorting,a7e7823b-9b71-4b7a-9db9-49729b7fae94,sorting makes finding the median easy,paraphrase,120.0,180.0,30.0,finding a median; sort; increasing order,source transcript window 120-180; manually curated from source transcript,5,0,0,0.0,0.0,,,305.0,311.0,0.7813901,"of finding the median, but it's constant time if you have a sorted list.",,,,,0.2126,0.0539,0.0069,0.0459,topic_confusion,Top result had a plausible semantic score but pointed to a different timestamp.
lecture03-004,lecture03_sorting,a7e7823b-9b71-4b7a-9db9-49729b7fae94,sorting needs a comparison function for records,paraphrase,180.0,240.0,30.0,comparison function; which record is smaller,source transcript window 180-240; manually curated from source transcript,5,0,0,0.0,0.0,,,51.96,54.48,0.6326887,It's not the best sorting algorithm that's out there.,,,,,0.2466,0.0587,0.011,0.0465,topic_confusion,Top result had a plausible semantic score but pointed to a different timestamp.
lecture03-005,lecture03_sorting,a7e7823b-9b71-4b7a-9db9-49729b7fae94,a sorted list can be maintained as items are inserted,paraphrase,240.0,300.0,30.0,maintain a sorted list; items put into the list,source transcript window 240-300; manually curated from source transcript,5,1,1,0.6,1.0,1,22.56,262.56,264.68,0.7872981,Another way would be to maintain a sorted list,262.56,264.68,0.7872981,Another way would be to maintain a sorted list,0.2482,0.0601,0.0116,0.0475,,
lecture03-006,lecture03_sorting,a7e7823b-9b71-4b7a-9db9-49729b7fae94,binary search finds an item in a sorted array,paraphrase,300.0,360.0,30.0,binary search; finding an element in an array,source transcript window 300-360; manually curated from source transcript,5,0,1,0.6,0.3333,3,20.0,380.0,388.0,0.60965645,"and decide given that b is sorted, you get to look at one half of the array.",320.0,324.0,0.6052701,which is the notion of binary search.,0.2607,0.057,0.0082,0.0474,low_rank,"A relevant segment was retrieved, but not at rank 1."
lecture03-007,lecture03_sorting,a7e7823b-9b71-4b7a-9db9-49729b7fae94,binary search compares the key to the middle of the array,paraphrase,360.0,420.0,30.0,compare k; n over 2; sorted,source transcript window 360-420; manually curated from source transcript,5,1,1,0.6,1.0,1,20.0,380.0,388.0,0.61032414,"and decide given that b is sorted, you get to look at one half of the array.",380.0,388.0,0.61032414,"and decide given that b is sorted, you get to look at one half of the array.",0.2182,0.0613,0.0157,0.0444,,
lecture03-008,lecture03_sorting,a7e7823b-9b71-4b7a-9db9-49729b7fae94,sorting can help compression by finding duplicate items,paraphrase,420.0,480.0,30.0,data compression; sort; finds duplicates,source transcript window 420-480; manually curated from source transcript,5,1,1,0.2,1.0,1,39.0,459.0,468.0,0.66511315,"if I have 100 items that are all identical, I'm going to compress the file by representing the item once,",459.0,468.0,0.66511315,"if I have 100 items that are all identical, I'm going to compress the file by representing the item once,",0.2511,0.0552,0.0055,0.0487,,
lecture03-009,lecture03_sorting,a7e7823b-9b71-4b7a-9db9-49729b7fae94,computer graphics sorting is used for rendering transparency back to front,concept,480.0,600.0,30.0,computer graphics; transparency; back to front,source transcript window 480-600; manually curated from source transcript,5,1,1,1.0,1.0,1,23.0,503.0,507.0,0.7417114,Computer graphics uses sorting.,503.0,507.0,0.7417114,Computer graphics uses sorting.,0.2667,0.065,0.0179,0.046,,
lecture03-010,lecture03_sorting,a7e7823b-9b71-4b7a-9db9-49729b7fae94,insertion sort inserts the current item using pairwise swaps,paraphrase,600.0,720.0,30.0,insertion sort; pairwise swaps; correct position,source transcript window 600-720; manually curated from source transcript,5,1,1,0.4,1.0,1,12.0,612.0,613.72,0.6934898,"through what insertion sort looks like,",612.0,613.72,0.6934898,"through what insertion sort looks like,",0.2449,0.0629,0.0173,0.0445,,
lecture04-001,lecture04_heaps,118ac200-0487-4e01-8c40-84999da3c9a6,a priority queue stores elements with keys,paraphrase,60.0,120.0,30.0,priority queue; elements; key,source transcript window 060-120; manually curated from source transcript,5,1,1,0.6,1.0,1,28.52,31.48,35.36,0.7491442,implementation of a priority queue.,31.48,35.36,0.7491442,implementation of a priority queue.,0.2046,0.0561,0.0078,0.0472,,
lecture04-002,lecture04_heaps,118ac200-0487-4e01-8c40-84999da3c9a6,priority queue operations include insert and changing priorities,paraphrase,120.0,180.0,30.0,insert; change priorities; run fast,source transcript window 120-180; manually curated from source transcript,5,0,1,0.2,0.3333,3,4.64,31.48,35.36,0.76605463,implementation of a priority queue.,124.64,127.44,0.7253844,You want to be able to change priorities in the queue.,0.2433,0.0612,0.0134,0.0467,low_rank,"A relevant segment was retrieved, but not at rank 1."
lecture04-003,lecture04_heaps,118ac200-0487-4e01-8c40-84999da3c9a6,a heap is the ADT implementation for priority queues,paraphrase,180.0,240.0,30.0,ADT; heap; priority queue,source transcript window 180-240; manually curated from source transcript,5,0,0,0.0,0.0,,,373.16,380.6,0.8242211,A heap is an implementation of a priority queue. It is amazingly an arrays structure,,,,,0.2911,0.0681,0.02,0.047,topic_confusion,Top result had a plausible semantic score but pointed to a different timestamp.
lecture04-004,lecture04_heaps,118ac200-0487-4e01-8c40-84999da3c9a6,extract max returns and removes the largest key,paraphrase,240.0,300.0,30.0,extract max; returns; removes,source transcript window 240-300; manually curated from source transcript,5,1,1,0.4,1.0,1,11.12,251.12,258.0,0.70347476,"is extract max of S, which not only returns the element",251.12,258.0,0.70347476,"is extract max of S, which not only returns the element",0.3628,0.0674,0.0196,0.0468,,
lecture04-005,lecture04_heaps,118ac200-0487-4e01-8c40-84999da3c9a6,increase key changes an element's key to a new value,paraphrase,300.0,360.0,30.0,increase key; new value k,source transcript window 300-360; manually curated from source transcript,5,1,1,0.6,1.0,1,0.0,300.0,314.76,0.5735923,that call it k and increase k sx k would increase the value of x's key to the new value,300.0,314.76,0.5735923,that call it k and increase k sx k would increase the value of x's key to the new value,0.2766,0.0708,0.0243,0.0455,,
lecture04-006,lecture04_heaps,118ac200-0487-4e01-8c40-84999da3c9a6,a heap is an array visualized as a nearly complete binary tree,paraphrase,360.0,420.0,30.0,array; nearly complete binary tree,source transcript window 360-420; manually curated from source transcript,5,1,1,0.2,1.0,1,13.16,373.16,380.6,0.69852316,A heap is an implementation of a priority queue. It is amazingly an arrays structure,373.16,380.6,0.69852316,A heap is an implementation of a priority queue. It is amazingly an arrays structure,0.2524,0.0579,0.0115,0.0453,,
lecture04-007,lecture04_heaps,118ac200-0487-4e01-8c40-84999da3c9a6,heap array indices map to children in the tree,paraphrase,480.0,600.0,30.0,children; parent of i; left child; right child,source transcript window 480-600; manually curated from source transcript,5,1,1,0.4,1.0,1,7.48,472.52,495.56,0.58298814,tree? Well index 1 is the root of the tree and that is item with the value 16 and what I have are indices 2 and 3 are the children and,472.52,495.56,0.58298814,tree? Well index 1 is the root of the tree and that is item with the value 16 and what I have are indices 2 and 3 are the children and,0.2152,0.0628,0.0171,0.0447,,
lecture04-008,lecture04_heaps,118ac200-0487-4e01-8c40-84999da3c9a6,max heaps and min heaps add extra properties,paraphrase,600.0,660.0,30.0,max heaps; min heaps; additional properties,source transcript window 600-660; manually curated from source transcript,5,0,1,0.2,0.3333,3,31.76,834.04,836.12,0.79260993,is a max heaps property.,631.76,634.84,0.7780232,Now I'm going to define what the max heaps property is.,0.2186,0.0556,0.0092,0.0453,low_rank,"A relevant segment was retrieved, but not at rank 1."
lecture04-009,lecture04_heaps,118ac200-0487-4e01-8c40-84999da3c9a6,max heap property requires parent greater than children,paraphrase,660.0,780.0,30.0,parent is greater than or equal to children,source transcript window 660-780; manually curated from source transcript,5,0,1,0.6,0.5,2,28.24,834.04,836.12,0.75519574,is a max heaps property.,631.76,634.84,0.7481551,Now I'm going to define what the max heaps property is.,0.22,0.0683,0.02,0.0473,low_rank,"A relevant segment was retrieved, but not at rank 1."
lecture04-010,lecture04_heaps,118ac200-0487-4e01-8c40-84999da3c9a6,finding max is trivial but extract max is not trivial,paraphrase,780.0,840.0,30.0,max operation; extract max; not trivially performed,source transcript window 780-840; manually curated from source transcript,5,0,1,0.4,0.3333,3,10.36,251.12,258.0,0.7325025,"is extract max of S, which not only returns the element",790.36,794.6,0.66035223,"Now, what about extract max?",0.2429,0.0585,0.0121,0.0452,low_rank,"A relevant segment was retrieved, but not at rank 1."
lecture05-001,lecture05_bst,60ff55a2-7f9b-4ea3-9942-5d8d15f6eaef,binary search trees are motivated by a runway reservation system,paraphrase,60.0,120.0,30.0,runway reservation system; data structures,source transcript window 060-120; manually curated from source transcript,5,1,1,0.8,1.0,1,40.08,100.08,105.56,0.6921725,So let's dive into what the runway reservation system,100.08,105.56,0.6921725,So let's dive into what the runway reservation system,0.2989,0.0692,0.0227,0.0452,,
lecture05-002,lecture05_bst,60ff55a2-7f9b-4ea3-9942-5d8d15f6eaef,a single runway has safety issues for landing and takeoff,paraphrase,120.0,180.0,30.0,single runway; safety issues; landing planes,source transcript window 120-180; manually curated from source transcript,5,1,1,0.8,1.0,1,9.68,129.68,133.16,0.6203337,"And of course, there's lots of airports with a single runway.",129.68,133.16,0.6203337,"And of course, there's lots of airports with a single runway.",0.2817,0.0668,0.0189,0.0468,,
lecture05-003,lecture05_bst,60ff55a2-7f9b-4ea3-9942-5d8d15f6eaef,landing requests are accepted if no landing is within k minutes,paraphrase,180.0,240.0,30.0,landing time; no other landings; K minutes,source transcript window 180-240; manually curated from source transcript,5,1,1,0.2,1.0,1,40.24,220.24,237.84,0.7446664,if no other landings are scheduled within K minutes.,220.24,237.84,0.7446664,if no other landings are scheduled within K minutes.,0.2281,0.0702,0.0237,0.0454,,
lecture05-004,lecture05_bst,60ff55a2-7f9b-4ea3-9942-5d8d15f6eaef,k can be three minutes or vary with weather,paraphrase,240.0,300.0,30.0,K is three minutes; weather conditions,source transcript window 240-300; manually curated from source transcript,5,1,1,0.6,1.0,1,18.68,258.68,263.2,0.80162275,Will assume K is three minutes or something like that.,258.68,263.2,0.80162275,Will assume K is three minutes or something like that.,0.2712,0.0645,0.0159,0.0474,,
lecture05-005,lecture05_bst,60ff55a2-7f9b-4ea3-9942-5d8d15f6eaef,delete removes landing time after the plane lands,paraphrase,300.0,360.0,30.0,remove from set R; after the plane lands,source transcript window 300-360; manually curated from source transcript,5,1,1,0.4,1.0,1,15.68,315.68,320.2,0.6632607,which is the set of landing times after the plane lands.,315.68,320.2,0.6632607,which is the set of landing times after the plane lands.,0.2427,0.0738,0.0234,0.0492,,
lecture05-006,lecture05_bst,60ff55a2-7f9b-4ea3-9942-5d8d15f6eaef,at time thirty seven the reservation set has landing times,paraphrase,360.0,420.0,30.0,time 37; set R; landing times,source transcript window 360-420; manually curated from source transcript,5,0,0,0.0,0.0,,,315.68,320.2,0.64913833,which is the set of landing times after the plane lands.,,,,,0.2285,0.0533,0.0079,0.0443,topic_confusion,Top result had a plausible semantic score but pointed to a different timestamp.
lecture05-007,lecture05_bst,60ff55a2-7f9b-4ea3-9942-5d8d15f6eaef,landing time fifty three is allowed but forty four is too close,paraphrase,420.0,480.0,30.0,53; OK; 44 is not allowed; too close,source transcript window 420-480; manually curated from source transcript,5,0,0,0.0,0.0,,,200.32,202.6,0.6086049,Each of them is going to specify a landing time.,,,,,0.2478,0.0645,0.0158,0.0477,topic_confusion,Top result had a plausible semantic score but pointed to a different timestamp.
lecture05-008,lecture05_bst,60ff55a2-7f9b-4ea3-9942-5d8d15f6eaef,unsorted arrays make the k minute check linear time,paraphrase,540.0,600.0,30.0,unsorted; check against other elements; linear,source transcript window 540-600; manually curated from source transcript,5,1,1,0.4,1.0,1,22.4,562.4,566.36,0.5319798,"against other elements of the array, it's unsorted.",562.4,566.36,0.5319798,"against other elements of the array, it's unsorted.",0.2766,0.0633,0.0156,0.0464,,
lecture05-009,lecture05_bst,60ff55a2-7f9b-4ea3-9942-5d8d15f6eaef,sorted arrays can use binary search to find the insertion point,paraphrase,600.0,720.0,30.0,sorted array; binary search; midpoint,source transcript window 600-720; manually curated from source transcript,5,1,1,0.8,1.0,1,91.84,691.84,697.2,0.61037743,find what we call the insertion point of the solid array,691.84,697.2,0.61037743,find what we call the insertion point of the solid array,0.3195,0.0556,0.0084,0.046,,
lecture05-010,lecture05_bst,60ff55a2-7f9b-4ea3-9942-5d8d15f6eaef,sorted array insertion requires shifting and can take order n,paraphrase,780.0,900.0,30.0,insertion; shifting; order n time,source transcript window 780-900; manually curated from source transcript,5,0,1,0.4,0.25,4,6.32,562.4,566.36,0.59685856,"against other elements of the array, it's unsorted.",773.68,776.36,0.42381746,When you put something in you have to shift every element over.,0.1953,0.0621,0.0158,0.0451,low_rank,"A relevant segment was retrieved, but not at rank 1."
lecture06-001,lecture06_avl,1bb04e42-835e-40ea-b985-06bd83e81462,a binary search tree stores a key in every node,paraphrase,60.0,120.0,30.0,node; key; BST property,source transcript window 060-120; manually curated from source transcript,5,1,1,0.8,1.0,1,30.68,90.68,92.36,0.7375703,"So when you have a binary search tree like this,",90.68,92.36,0.7375703,"So when you have a binary search tree like this,",0.2199,0.061,0.0113,0.0485,,
lecture06-002,lecture06_avl,1bb04e42-835e-40ea-b985-06bd83e81462,the lecture introduces balance after basic binary search trees,concept,120.0,180.0,30.0,basic binary search trees; balance,source transcript window 120-180; manually curated from source transcript,5,1,1,0.4,1.0,1,19.24,139.24,141.4,0.6960727,is that these basic binary search trees,139.24,141.4,0.6960727,is that these basic binary search trees,0.2449,0.0565,0.0059,0.0495,,
lecture06-003,lecture06_avl,1bb04e42-835e-40ea-b985-06bd83e81462,an ideal balanced tree has logarithmic height,paraphrase,180.0,240.0,30.0,height; log n; balanced,source transcript window 180-240; manually curated from source transcript,5,0,1,0.2,0.2,5,4.8,306.6,318.12,0.7749752,We call a tree balanced if the height is order log n.,175.2,177.2,0.6386801,height of the tree.,0.2373,0.0692,0.0223,0.0458,low_rank,"A relevant segment was retrieved, but not at rank 1."
lecture06-004,lecture06_avl,1bb04e42-835e-40ea-b985-06bd83e81462,height is the longest path from the root to a leaf,paraphrase,240.0,300.0,30.0,longest path; root; leaf,source transcript window 240-300; manually curated from source transcript,5,1,1,0.2,1.0,1,12.4,252.4,255.6,0.86419845,So length of the longest path from the root to some leaf.,252.4,255.6,0.86419845,So length of the longest path from the root to some leaf.,0.296,0.0563,0.0062,0.0485,,
lecture06-005,lecture06_avl,1bb04e42-835e-40ea-b985-06bd83e81462,worst case binary search trees are not balanced,paraphrase,300.0,360.0,30.0,worst case; BSTs; balanced; order log n,source transcript window 300-360; manually curated from source transcript,5,0,0,0.0,0.0,,,212.24,214.44,0.7017532,This is a nice perfectly balanced binary search,,,,,0.2772,0.067,0.0191,0.0468,topic_confusion,Top result had a plausible semantic score but pointed to a different timestamp.
lecture06-006,lecture06_avl,1bb04e42-835e-40ea-b985-06bd83e81462,AVL trees are introduced and the height of a node is defined,paraphrase,360.0,420.0,30.0,AVL trees; height of a node,source transcript window 360-420; manually curated from source transcript,5,0,1,0.4,0.3333,3,16.56,620.6,623.36,0.70511335,Because avial trees are going to use the heights of the nodes.,376.56,387.4,0.6312547,But I also like to talk about the height of a node in a tree.,0.1919,0.0592,0.0101,0.048,low_rank,"A relevant segment was retrieved, but not at rank 1."
lecture06-007,lecture06_avl,1bb04e42-835e-40ea-b985-06bd83e81462,node height is the longest path from that node down to a leaf,paraphrase,420.0,480.0,30.0,long path from that node to the leaf,source transcript window 420-480; manually curated from source transcript,5,1,1,0.2,1.0,1,53.12,473.12,476.12,0.799265,So length the longest path from it down to a leaf.,473.12,476.12,0.799265,So length the longest path from it down to a leaf.,0.2114,0.065,0.0172,0.0467,,
lecture06-008,lecture06_avl,1bb04e42-835e-40ea-b985-06bd83e81462,height can be computed from the max of left and right child heights,paraphrase,540.0,600.0,30.0,max; height of left child; height of right child,source transcript window 540-600; manually curated from source transcript,5,1,1,1.0,1.0,1,60.0,600.0,602.72,0.78369564,"using just local information, the height of its left child, the height of its right child,",600.0,602.72,0.78369564,"using just local information, the height of its left child, the height of its right child,",0.2324,0.0556,0.0088,0.0454,,
lecture06-009,lecture06_avl,1bb04e42-835e-40ea-b985-06bd83e81462,local formulas let augmented search trees maintain extra information,concept,600.0,660.0,30.0,local formula; maintain information,source transcript window 600-660; manually curated from source transcript,5,0,0,0.0,0.0,,,25.6,27.52,0.607404,"but in particular binary search trees,",,,,,0.2373,0.0645,0.0185,0.0446,topic_confusion,Top result had a plausible semantic score but pointed to a different timestamp.
lecture06-010,lecture06_avl,1bb04e42-835e-40ea-b985-06bd83e81462,balance compares the heights of left and right subtrees,paraphrase,720.0,840.0,30.0,left subtree; right subtree; height,source transcript window 720-840; manually curated from source transcript,5,0,1,0.6,0.5,2,108.12,306.6,318.12,0.713863,We call a tree balanced if the height is order log n.,828.12,832.36,0.680642,"Every node X, I want the left and right subtree to be almost balanced.",0.2359,0.0625,0.0151,0.0465,low_rank,"A relevant segment was retrieved, but not at rank 1."
lecture07-001,lecture07_counting_radix,06a50f4f-952c-4f2b-b0dc-e38bfdc38012,the lecture moves to the comparison model of computation,paraphrase,60.0,120.0,30.0,comparison model; model of computation,source transcript window 060-120; manually curated from source transcript,5,1,1,0.8,1.0,1,4.2,64.2,66.92,0.7079053,"Remember, models of computation from lecture 2.",64.2,66.92,0.7079053,"Remember, models of computation from lecture 2.",0.2046,0.0629,0.015,0.0468,,
lecture07-002,lecture07_counting_radix,06a50f4f-952c-4f2b-b0dc-e38bfdc38012,input items are treated as black boxes,paraphrase,120.0,180.0,30.0,input items; black boxes,source transcript window 120-180; manually curated from source transcript,5,1,1,0.4,1.0,1,9.0,129.0,135.6,0.845526,"Input items are black boxes, you could say.",129.0,135.6,0.845526,"Input items are black boxes, you could say.",0.2029,0.0579,0.0121,0.0448,,
lecture07-003,lecture07_counting_radix,06a50f4f-952c-4f2b-b0dc-e38bfdc38012,the only operations allowed are comparisons with yes or no answers,paraphrase,180.0,240.0,30.0,greater than; equals; binary answer,source transcript window 180-240; manually curated from source transcript,5,1,1,0.4,1.0,1,13.52,193.52,195.48,0.5376054,And those are the only operations you're given.,193.52,195.48,0.5376054,And those are the only operations you're given.,0.273,0.062,0.0159,0.045,,
lecture07-004,lecture07_counting_radix,06a50f4f-952c-4f2b-b0dc-e38bfdc38012,comparison algorithms can be drawn as a tree of possible outcomes,paraphrase,300.0,360.0,30.0,all possible things; tree perspective,source transcript window 300-360; manually curated from source transcript,5,1,1,0.2,1.0,1,20.0,320.0,325.0,0.72979015,So any comparison algorithm.,320.0,325.0,0.72979015,So any comparison algorithm.,0.2456,0.0637,0.016,0.0465,,
lecture07-005,lecture07_counting_radix,06a50f4f-952c-4f2b-b0dc-e38bfdc38012,binary search decision tree compares the middle item first,paraphrase,360.0,480.0,30.0,binary search; middle; go left or right,source transcript window 360-480; manually curated from source transcript,5,0,1,0.2,0.5,2,64.24,663.92,671.64,0.5544387,"And so when we have an internal node in the decision tree, that corresponds to a binary",424.24,426.36,0.54747105,"So binary search, you're searching among n items",0.2256,0.056,0.0069,0.048,low_rank,"A relevant segment was retrieved, but not at rank 1."
lecture07-006,lecture07_counting_radix,06a50f4f-952c-4f2b-b0dc-e38bfdc38012,binary search checks whether x is left or right of array elements,paraphrase,480.0,600.0,30.0,a0; a2; x; left; right,source transcript window 480-600; manually curated from source transcript,5,1,1,0.2,1.0,1,28.28,451.72,453.44,0.64762497,Pretty simple binary search.,451.72,453.44,0.64762497,Pretty simple binary search.,0.2066,0.0618,0.0148,0.046,,
lecture07-007,lecture07_counting_radix,06a50f4f-952c-4f2b-b0dc-e38bfdc38012,a sorting decision tree can have exponential size,paraphrase,600.0,660.0,30.0,sorting algorithm; tree; exponential size,source transcript window 600-660; manually curated from source transcript,5,1,1,0.2,1.0,1,13.24,613.24,615.88,0.62366265,the tree will actually be a exponential size.,613.24,615.88,0.62366265,the tree will actually be a exponential size.,0.3145,0.0597,0.0149,0.044,,
lecture07-008,lecture07_counting_radix,06a50f4f-952c-4f2b-b0dc-e38bfdc38012,internal nodes in the decision tree represent binary decisions,paraphrase,660.0,720.0,30.0,internal node; binary decision,source transcript window 660-720; manually curated from source transcript,5,1,1,0.6,1.0,1,3.92,663.92,671.64,0.8819909,"And so when we have an internal node in the decision tree, that corresponds to a binary",663.92,671.64,0.8819909,"And so when we have an internal node in the decision tree, that corresponds to a binary",0.2127,0.0674,0.0214,0.045,,
lecture07-009,lecture07_counting_radix,06a50f4f-952c-4f2b-b0dc-e38bfdc38012,one execution corresponds to a root to leaf path,near_exact,720.0,780.0,30.0,single execution; root to leaf path,source transcript window 720-780; manually curated from source transcript,5,1,1,0.6,1.0,1,39.96,759.96,763.68,0.71040285,This is what I normally call a root to leaf path.,759.96,763.68,0.71040285,This is what I normally call a root to leaf path.,0.2181,0.0628,0.0153,0.0464,,
lecture07-010,lecture07_counting_radix,06a50f4f-952c-4f2b-b0dc-e38bfdc38012,the path length in a decision tree gives the algorithm cost,paraphrase,780.0,840.0,30.0,cost was two; length of this path,source transcript window 780-840; manually curated from source transcript,5,1,1,0.4,1.0,1,45.36,825.36,829.36,0.6063941,What is the worst case running time of a given decision tree?,825.36,829.36,0.6063941,What is the worst case running time of a given decision tree?,0.248,0.0684,0.0219,0.0455,,
lecture08-001,lecture08_hashing_chaining,ba204e1c-d834-47cc-8a2c-4eff561ea2f0,dictionary is an abstract data type with insert delete and search,paraphrase,60.0,120.0,30.0,dictionary; insert; delete; search,source transcript window 060-120; manually curated from source transcript,5,1,1,0.4,1.0,1,18.32,78.32,84.52,0.67871046,"So dictionary is a data structure, or it's a thing.",78.32,84.52,0.67871046,"So dictionary is a data structure, or it's a thing.",0.2116,0.0664,0.0154,0.0499,,
lecture08-002,lecture08_hashing_chaining,ba204e1c-d834-47cc-8a2c-4eff561ea2f0,exact search either finds an item or raises key error,paraphrase,120.0,180.0,30.0,exact search; find an item; key error,source transcript window 120-180; manually curated from source transcript,5,1,1,0.6,1.0,1,25.28,145.28,149.4,0.5947106,"Either you find an item with the given key, or there isn't one.",145.28,149.4,0.5947106,"Either you find an item with the given key, or there isn't one.",0.2274,0.0634,0.0144,0.0478,,
lecture08-003,lecture08_hashing_chaining,ba204e1c-d834-47cc-8a2c-4eff561ea2f0,inserting an existing key overrides the previous value,paraphrase,180.0,240.0,30.0,existing key; overrides,source transcript window 180-240; manually curated from source transcript,5,1,1,0.6,1.0,1,11.48,191.48,193.16,0.5761454,it overrides whatever key was there.,191.48,193.16,0.5761454,it overrides whatever key was there.,0.3585,0.0677,0.0213,0.0454,,
lecture08-004,lecture08_hashing_chaining,ba204e1c-d834-47cc-8a2c-4eff561ea2f0,hashing can beat AVL tree logarithmic search in the RAM model,concept,240.0,300.0,30.0,AVL trees; log n; RAM model; do better,source transcript window 240-300; manually curated from source transcript,5,1,1,0.4,1.0,1,29.32,269.32,273.72,0.5598078,Today's lecture is about how to search faster than log n time.,269.32,273.72,0.5598078,Today's lecture is about how to search faster than log n time.,0.2348,0.0659,0.0187,0.0463,,
lecture08-005,lecture08_hashing_chaining,ba204e1c-d834-47cc-8a2c-4eff561ea2f0,Python dictionaries support lookup setting a key and deleting a key,paraphrase,300.0,360.0,30.0,look up the key; set a key to a value; delete,source transcript window 300-360; manually curated from source transcript,5,1,1,0.4,1.0,1,52.8,352.8,356.36,0.5560547,I guess the one specific thing about Python dictionaries,352.8,356.36,0.5560547,I guess the one specific thing about Python dictionaries,0.2195,0.0664,0.0175,0.0478,,
lecture08-006,lecture08_hashing_chaining,ba204e1c-d834-47cc-8a2c-4eff561ea2f0,d dot items returns ordered key value pairs,paraphrase,360.0,420.0,30.0,D dot items; key; value,source transcript window 360-420; manually curated from source transcript,5,1,1,0.6,1.0,1,5.4,365.4,367.44,0.57182467,"And so in particular, when you call D dot items,",365.4,367.44,0.57182467,"And so in particular, when you call D dot items,",0.2192,0.0753,0.0282,0.046,,
lecture08-007,lecture08_hashing_chaining,ba204e1c-d834-47cc-8a2c-4eff561ea2f0,modern programming languages and databases build in dictionaries,paraphrase,420.0,480.0,30.0,Python; Ruby; JavaScript; database; constant time,source transcript window 420-480; manually curated from source transcript,5,1,1,0.4,1.0,1,0.44,420.44,422.48,0.7350209,"As a result, dictionaries are built into basically",420.44,422.48,0.7350209,"As a result, dictionaries are built into basically",0.2021,0.0653,0.0188,0.0454,,
lecture08-008,lecture08_hashing_chaining,ba204e1c-d834-47cc-8a2c-4eff561ea2f0,spell checking uses dictionary lookup and letter tweaks,paraphrase,480.0,540.0,30.0,spelling; tweaking letters; dictionary,source transcript window 480-540; manually curated from source transcript,5,1,1,0.8,1.0,1,1.76,478.24,482.12,0.5967258,"How do you, when you spell check your document,",478.24,482.12,0.5967258,"How do you, when you spell check your document,",0.213,0.065,0.0199,0.044,,
lecture08-009,lecture08_hashing_chaining,ba204e1c-d834-47cc-8a2c-4eff561ea2f0,programming languages need dictionaries for variable names,paraphrase,540.0,660.0,30.0,variable name; compiler; dictionary,source transcript window 540-660; manually curated from source transcript,5,0,0,0.0,0.0,,,420.44,422.48,0.6627223,"As a result, dictionaries are built into basically",,,,,0.2052,0.0614,0.0156,0.0448,topic_confusion,Top result had a plausible semantic score but pointed to a different timestamp.
lecture08-010,lecture08_hashing_chaining,ba204e1c-d834-47cc-8a2c-4eff561ea2f0,hashing is used for DNA similarity and cryptographic hash functions,concept,720.0,840.0,30.0,DNA strings; cryptographic hash functions,source transcript window 720-840; manually curated from source transcript,5,0,1,0.4,0.5,2,18.88,29.56,30.4,0.61358035,Hashing is cool.,738.88,740.48,0.5979816,You use hashing.,0.2256,0.0625,0.0157,0.0459,low_rank,"A relevant segment was retrieved, but not at rank 1."
lecture09-001,lecture09_table_karp,1f663c0b-710d-4c7d-8f0d-7b0f696af6a8,the lecture reviews hashing with chaining and the universe of keys,paraphrase,60.0,120.0,30.0,hashing with chaining; universe; n keys,source transcript window 060-120; manually curated from source transcript,5,1,1,0.4,1.0,1,7.96,67.96,70.52,0.7440827,"And hashing with chaining, the idea",67.96,70.52,0.7440827,"And hashing with chaining, the idea",0.2203,0.0568,0.0118,0.0438,,
lecture09-002,lecture09_table_karp,1f663c0b-710d-4c7d-8f0d-7b0f696af6a8,expected chain length depends on table size m and number of keys n,paraphrase,120.0,180.0,30.0,m; n; expected chain length,source transcript window 120-180; manually curated from source transcript,5,1,1,0.6,1.0,1,26.52,146.52,152.08,0.78133035,can show that the total expected chain length is n over m.,146.52,152.08,0.78133035,can show that the total expected chain length is n over m.,0.2025,0.0623,0.0151,0.0457,,
lecture09-003,lecture09_table_karp,1f663c0b-710d-4c7d-8f0d-7b0f696af6a8,division method maps integers by taking the key modulo m,paraphrase,180.0,240.0,30.0,division method; modular m,source transcript window 180-240; manually curated from source transcript,5,1,1,0.6,1.0,1,17.36,197.36,198.56,0.50422627,That's called the division method.,197.36,198.56,0.50422627,That's called the division method.,0.2281,0.0587,0.0131,0.0445,,
lecture09-004,lecture09_table_karp,1f663c0b-710d-4c7d-8f0d-7b0f696af6a8,when n is unknown the table should grow,paraphrase,240.0,300.0,30.0,do not know n; grow the table,source transcript window 240-300; manually curated from source transcript,5,1,1,0.2,1.0,1,8.44,248.44,249.6,0.62204796,Grow the table.,248.44,249.6,0.62204796,Grow the table.,0.301,0.0647,0.0145,0.0491,,
lecture09-005,lecture09_table_karp,1f663c0b-710d-4c7d-8f0d-7b0f696af6a8,m should be theta n to keep alpha constant and space linear,paraphrase,300.0,360.0,30.0,m theta n; alpha constant; space linear,source transcript window 300-360; manually curated from source transcript,5,0,1,0.4,0.5,2,12.72,408.28,410.16,0.6536152,said m should be theta n.,312.72,316.2,0.613611,We want m to be theta n.,0.2437,0.0599,0.0111,0.0478,low_rank,"A relevant segment was retrieved, but not at rank 1."
lecture09-006,lecture09_table_karp,1f663c0b-710d-4c7d-8f0d-7b0f696af6a8,growing hash tables introduces amortization and Python lists,concept,360.0,420.0,30.0,amortization; Python list; array,source transcript window 360-420; manually curated from source transcript,5,1,1,0.2,1.0,1,58.6,418.6,422.92,0.52361345,And so let's say we start with an empty hash table,418.6,422.92,0.52361345,And so let's say we start with an empty hash table,0.2212,0.0686,0.0208,0.0468,,
lecture09-007,lecture09_table_karp,1f663c0b-710d-4c7d-8f0d-7b0f696af6a8,inserting the ninth item can trigger a table resize,paraphrase,420.0,480.0,30.0,insert eight things; insert the ninth; grow,source transcript window 420-480; manually curated from source transcript,5,0,1,0.2,0.3333,3,6.68,770.96,776.88,0.58390784,"And this is the point of, it's called table resizing there,",426.68,429.24,0.5014158,And then I go to insert the ninth thing.,0.2485,0.0797,0.031,0.0477,low_rank,"A relevant segment was retrieved, but not at rank 1."
lecture09-008,lecture09_table_karp,1f663c0b-710d-4c7d-8f0d-7b0f696af6a8,resizing allocates a new table and rehashes every key,paraphrase,480.0,540.0,30.0,allocate memory; rehash everything; new table,source transcript window 480-540; manually curated from source transcript,5,0,1,0.2,0.2,5,20.64,770.96,776.88,0.5901611,"And this is the point of, it's called table resizing there,",500.64,506.84,0.483364,"In table size m, I need to build an entirely new table size m prime.",0.2252,0.0695,0.0218,0.0469,low_rank,"A relevant segment was retrieved, but not at rank 1."
lecture09-009,lecture09_table_karp,1f663c0b-710d-4c7d-8f0d-7b0f696af6a8,rehashing takes order m time because every slot may be visited,paraphrase,540.0,660.0,30.0,order m; visit every slot; m prime,source transcript window 540-660; manually curated from source transcript,5,1,1,0.8,1.0,1,66.44,606.44,612.0,0.6044885,"And so you have to pay order m just to visit every slot, order n to visit all those lists,",606.44,612.0,0.6044885,"And so you have to pay order m just to visit every slot, order n to visit all those lists,",0.2125,0.0689,0.0199,0.048,,
lecture09-010,lecture09_table_karp,1f663c0b-710d-4c7d-8f0d-7b0f696af6a8,doubling table size gives a geometric series and theta n total cost,concept,660.0,900.0,30.0,two X; doubling; geometric series; theta n,source transcript window 660-900; manually curated from source transcript,5,1,1,1.0,1.0,1,54.56,714.56,725.64,0.57952636,"So if we just incremented our table size, then the question becomes, what is the cost of n insertions?",714.56,725.64,0.57952636,"So if we just incremented our table size, then the question becomes, what is the cost of n insertions?",0.2272,0.0668,0.0203,0.0456,,
lecture10-001,lecture10_open_crypto,22f57e66-2022-48f8-b34a-fef6855712a8,open addressing is the simplest way to implement a hash table,paraphrase,60.0,120.0,30.0,open-addressing; simplest way; hash table,source transcript window 060-120; manually curated from source transcript,5,0,0,0.0,0.0,,,314.92,318.16,0.9192283,"to work in open-addressing hash table,",,,,,0.2353,0.0628,0.0174,0.0444,topic_confusion,Top result had a plausible semantic score but pointed to a different timestamp.
lecture10-002,lecture10_open_crypto,22f57e66-2022-48f8-b34a-fef6855712a8,open addressing analysis assumes uniform hashing,paraphrase,120.0,180.0,30.0,uniform hashing assumption; performance,source transcript window 120-180; manually curated from source transcript,5,0,1,0.6,0.5,2,26.96,314.92,318.16,0.80309486,"to work in open-addressing hash table,",146.96,152.48,0.77118856,of what good hash functions are for open-addressing applications,0.2258,0.0533,0.0052,0.0468,low_rank,"A relevant segment was retrieved, but not at rank 1."
lecture10-003,lecture10_open_crypto,22f57e66-2022-48f8-b34a-fef6855712a8,cryptographic hash functions can detect file corruption,paraphrase,180.0,240.0,30.0,file corruption detectors; cryptographic hash functions,source transcript window 180-240; manually curated from source transcript,5,1,1,0.8,1.0,1,0.52,180.52,185.16,0.7016442,and file corruption detectors that you can implement,180.52,185.16,0.7016442,and file corruption detectors that you can implement,0.2318,0.071,0.0231,0.0465,,
lecture10-004,lecture10_open_crypto,22f57e66-2022-48f8-b34a-fef6855712a8,open addressing stores at most one item per array slot,paraphrase,240.0,300.0,30.0,array structure; one item at most,source transcript window 240-300; manually curated from source transcript,5,0,1,0.2,0.5,2,36.92,314.92,318.16,0.47512972,"to work in open-addressing hash table,",276.92,278.48,0.44806096,"at most one item, for slot.",0.212,0.0538,0.0084,0.0442,low_rank,"A relevant segment was retrieved, but not at rank 1."
lecture10-005,lecture10_open_crypto,22f57e66-2022-48f8-b34a-fef6855712a8,the number of slots m should be at least the number of elements n,paraphrase,300.0,360.0,30.0,m; number of slots; greater than or equal to elements,source transcript window 300-360; manually curated from source transcript,5,0,1,0.4,0.5,2,18.16,511.88,516.0,0.7279608,So m is the number of slots in the table.,318.16,326.72,0.7253009,"that m, which is the number of slots in the table,",0.2036,0.0629,0.0145,0.0474,low_rank,"A relevant segment was retrieved, but not at rank 1."
lecture10-006,lecture10_open_crypto,22f57e66-2022-48f8-b34a-fef6855712a8,insertion probes repeatedly until an empty slot is found,paraphrase,360.0,420.0,30.0,continually probe; empty slot; insert,source transcript window 360-420; manually curated from source transcript,5,0,1,0.2,0.5,2,48.52,637.4,640.32,0.5426467,"whatever, that eventually the sequence of probes",408.52,412.28,0.46462566,"to probe, which is basically to try for a key.",0.1993,0.0603,0.0146,0.0447,low_rank,"A relevant segment was retrieved, but not at rank 1."
lecture10-007,lecture10_open_crypto,22f57e66-2022-48f8-b34a-fef6855712a8,open addressing hash functions take a key and trial number,paraphrase,480.0,540.0,30.0,two arguments; key; trial,source transcript window 480-540; manually curated from source transcript,5,0,1,0.2,0.25,4,39.2,314.92,318.16,0.76428723,"to work in open-addressing hash table,",519.2,529.4,0.6012087,In order to ensure that you are using the hash table corresponding to open,0.2442,0.0581,0.007,0.0499,low_rank,"A relevant segment was retrieved, but not at rank 1."
lecture10-008,lecture10_open_crypto,22f57e66-2022-48f8-b34a-fef6855712a8,the probing sequence should be a permutation of all table slots,paraphrase,540.0,600.0,30.0,vector; permutation; 0 to m minus 1,source transcript window 540-600; manually curated from source transcript,5,0,0,0.0,0.0,,,655.56,660.56,0.55226934,load balancing the table and ensuring that all slots in the table,,,,,0.2012,0.0615,0.0138,0.0466,topic_confusion,Top result had a plausible semantic score but pointed to a different timestamp.
lecture10-009,lecture10_open_crypto,22f57e66-2022-48f8-b34a-fef6855712a8,probing must be able to use the entire hash table,paraphrase,600.0,660.0,30.0,use the entirety of your hash table; slots,source transcript window 600-660; manually curated from source transcript,5,0,1,0.2,0.25,4,2.84,693.2,696.2,0.6732844,of probes and our hash function is going to tell us,602.84,604.64,0.6024719,of your hash table.,0.2073,0.0627,0.018,0.0437,low_rank,"A relevant segment was retrieved, but not at rank 1."
lecture10-010,lecture10_open_crypto,22f57e66-2022-48f8-b34a-fef6855712a8,inserting into an occupied slot means the first probe failed,paraphrase,720.0,900.0,30.0,slot is occupied; first probe failed; go to next,source transcript window 720-900; manually curated from source transcript,5,1,1,0.4,1.0,1,128.16,848.16,853.04,0.54754543,So I look at this and I say the first probe actually,848.16,853.04,0.54754543,So I look at this and I say the first probe actually,0.2049,0.0561,0.0077,0.0472,,
